{
  "total_saved": 0.0,
  "storage_cost": 3.0000000000000004e-05,
  "retrieval_savings": 0.034117,
  "expensive_queries_cached": 0
}